<filetype binary="false" default_extension="emd" description="Emerald source files" name="Emerald">
  <highlighting>
    <options>
      <option name="LINE_COMMENT" value="#" />
      <option name="COMMENT_START" value="#*" />
      <option name="COMMENT_END" value="*#" />
      <option name="HEX_PREFIX" value="" />
      <option name="NUM_POSTFIXES" value="" />
      <option name="HAS_BRACES" value="true" />
      <option name="HAS_BRACKETS" value="true" />
      <option name="HAS_PARENS" value="true" />
    </options>
    <keywords keywords="else;else if;if;let;return" ignore_case="false" />
  </highlighting>
  <extensionMap>
    <mapping ext="emd" />
  </extensionMap>
</filetype>